text,label
Berantas dan usut tuntas kriminalisasi Hanfah Husein ,positif
RT Ceeek berita ini fakta kriminalisasi Hanifah Husein ,negatif
RT Tolong dong masa instansi yang melindungi rakyat bisa begini ,positif
"Miris bgt deh. Kasian bu hanifah husein, istri mantan menteri atr bpn ferry mursyidan baldan, suami baru meninggal, lahan tambang diambil org lain secara serampangan, trus jadi korban kriminalisasi
",negatif
"RT  Duh ga nyangka sih kalo ternyata Bu Hanifah Husein di Kriminalisasi semoga segera diusut tuntas ini kasusnya 
",positif
"usut tuntass 
",positif
"RT  kurang ajar masih aja suka cari kesalahan, bukti nyata kriminalisasi Hanifah Husein 

Hanifah Husein",negatif
"RT Tindak tegas siapapun itu dalam tindakan diskriminasi, sekalipun itu di institusi polri ",positif
"Kasian banget bu hanifah husein, istri mantan menteri atr bpn ferry mursyidan baldan, suami baru meninggal, lahan tambang diambil org lain secara serampangan, trus jadi korban kriminalisasi
",netral
"Trending Indonesia
",netral
"RT Sumpah sedih banget baru tau kalo hu Hanifah  Husein d Kriminalisasi
",positif
Dea widia stuti Gila sih emg,negatif
mari dicek beritanya ,negatif
mari dicek beritanya,negatif
"Deawidiastuti Kasian banget bu hanifah husein, istri mantan menteri atr bpn ferry mursyidan baldan, suami baru meninggal, lahan tambang diambil oleh org lain secara serampangan, trus jadi korban kriminalisasi
",netral
Cek berita fakta kriminalisasi Hanifah Husein,negatif
"RT Ceeek berita ini, fakta kriminalisasi Hanifah Husein kriminalisasihanifahhusein",negatif
"RT Deawidiastuti tegakkan hukum seadil-adilnya, jangan ada permainan hukum. stop kriminalisasi Hanifah Husein",positif
RT Dugaan pihak ketiga sebagai dalang kriminalisasi Hanifah Hussein,positif
"Bukan cuman oknumnya yg dihukum, tapi dalangnya juga",positif
" Kasian banget bu hanifah husein, istri mantan menteri atr bpn ferry mursyidan baldan, suami baru meninggal, lahan tambang diambil oleh org lain secara serampangan, trus jadi korban kriminalisasi
",netral
Pihak ketiga yg melanggar perjanjian eh yg dihukum Bu Hanifah Husein. Sehat Pak Oknum,positif
Parah banget,netral
"RT Ceeek berita ini, fakta kriminalisasi Hanifah Husein",negatif
"RT  Sumpah sedih banget baru tau kalo hu Hanifah  Husein d Kriminalisasi
",positif
RT Dugaan pihak ketiga sebagai dalang kriminalisasi Hanifah Hussein,positif
"RT  Sumpah sedih banget baru tau kalo hu Hanifah  Husein d Kriminalisasi
",positif
Bongkar tuntas kasus ,positif
" Coba bayangin ini ibu kalian. Lahan tambang diambil org lain secara serampangan, suami meninggal, eh malah dikriminalisasi sm oknum",positif
"Kasian banget bu hanifah husein, istri mantan menteri atr bpn ferry mursyidan baldan, suami baru meninggal, lahan tambang diambil oleh org lain secara serampangan, trus jadi korban kriminalisasi
",netral
"RT tegakkan hukum seadil-adilnya, jangan ada permainan hukum. stop kriminalisasi Hanifah Husein",positif
"Fakta yg bisa menyayat hati, wajib viral",positif
"RT Tindak tegas siapapun itu dalam tindakan diskriminasi, sekalipun itu di institusi polri ",netral
Usut tuntas dalang kriminalisasi Hanifah Husein,positif
"Kasian banget bu hanifah husein, suaminya mantan menteri atr bpn ferry mursyidan baru meninggal malah jd korban kriminalisasi mana tambangnya diambil pula
",netral
"Guis coba deh baca beritanya ini.
Semoga selalu dlm perlindungan Allah ya bu",positif
RT Dugaan pihak ketiga sebagai dalang kriminalisasi Hanifah Hussein,positif
"Siapa sih ini dalangnya, dia harus dihukum berat Karena menggunakan aparat hukum buat menyudutkkan seseorang",positif
"Bayangin klo ini ibu kalian, lahan tambang diambil serampangan suami meninggal eh malah jd korban kriminalisasi ",netral
"RT kurang ajar masih aja suka cari kesalahan, bukti nyata kriminalisasi Hanifah Husein 
Hanifah Husein",netral
RT Dugaan pihak ketiga sebagai dalang kriminalisasi Hanifah Hussein,positif
"RT  Sumpah sedih banget baru tau kalo hu Hanifah  Husein d Kriminalisasi
",positif
"RT  Sumpah sedih banget baru tau kalo hu Hanifah  Husein di Kriminalisasi
",positif
" Kasian bgt hanifah husein, istri mantan menteri atr bpn ferry mursyidan baldan, suaminya baru aja meninggal, lahan tambangnya diambil org lain secara serampangan, trus jadi korban kriminalisasi
",netral
" Kasian banget bu hanifah husein, istri mantan menteri atr bpn ferry mursyidan baldan, suami baru meninggal, lahan tambang diambil oleh org lain secara serampangan, terus jadi korban kriminalisasi
",netral
" tegakkan hukum seadil-adilnya, jangan ada permainan hukum. stop kriminalisasi Hanifah Husein
",positif
" Kasian banget bu hanifah husein suaminya baru meninggal (ferry mursyidan baldan) lahan tambang diambil org lain secara serampangan, trus jadi korban kriminalisasi
",netral
" Ceeek berita ini, fakta kriminalisasi Hanifah Husein",negatif
"Bukan karena antusias dengan kehadiran Wan Abud, licik imigran yaman satu  The 10 Sanggup Nahyan Papua Pagiii",negatif
"RT  Ceeek berita ini, fakta kriminalisasi Hanifah Husein",negatif
"Tetap waspada, Wan Abud sedang mempersiapkan strategi untuk merebut kursi presiden dengan merangkul pengasong khilaf Sanggup Nahyan Papua Pagiii",negatif
"RT Tindak tegas siapapun itu dalam tindakan diskriminasi, sekalipun itu di institusi polri",positif
"Kasian banget bu hanifah husein, istri mantan menteri atr bpn ferry mursyidan baldan, suami baru meninggal, lahan tambang diambil oleh org lain secara serampangan, trus jadi korban kriminalisasi",netral
"Hukum melindungi yg benar
Hukum melindungi yg salah",positif
"RT kurang ajar masih aja suka cari kesalahan, bukti nyata kriminalisasi Hanifah Husein",negatif
Wan Abud bangkitkan khilafah demi orgasme politiknya,negatif
Kalo kasus gak viral gak bakal diusut,positif
"Trending Indonesia
1. SafeFlightOurAstronaut
2. UntilWeMeetAgainJin
3. kriminalisasihanifahhusein
4. WeLoveYouJin
5. HUANG RENJUN THANK YOU
6. Keramas
7. Loyal
8. Independent
9. Sentimental",netral
RT Sumpah sedih banget baru tau kalo Bu Hanifah  Husein di Kriminalisasi,netral
Makin banyak bukti kalo oknum tuh buka satu dua orang aja tapi kalo dikumpulin bisa satu desa,positif
"kasian banget bu hanifah husein, istri mantan menteri atr bpn ferry mursyidan baldan, suami baru meninggal, lahan tambang diambil oleh org lain secara serampangan, trus jadi korban kriminalisasi",netral
"RT Ya Allah ini jelas-jelas ada kriminalisasi thd Hanifah Husein, tolong lah bekerja dengan seadil adilnya. Usut tuntas 
kriminalisasi hanifah husein",positif
RT astagfirullah ini kasus apaan lagi? kok kayaknya banyak banget kasus kriminalisasi orang ga bersalah kayak gini?,positif
RT Yukkk kitaa Bongkar tikus tikus jahat pelaku kriminalisasi Hanifah Husein,positif
katanya iwan bomba ya dalang dari kasus ini? usut dongg!,positif
RT Dugaan pihak ketiga sebagai dalang kriminalisasi Hanifah Hussein,positif
RT Gaskeun yukk Usut tuntas dalang kriminalisasi Hanifah Husein,positif
"RT Mengapa harus ada kriminalisasi, semoga segera bisa diselesaikan",positif
RT Musti diusut tuntas pokoknya dalang dibalik kriminalisasi Hanifah Husein ,positif
"RT Tindak tegas siapapun itu dalam tindakan diskriminasi, sekalipun itu di institusi polri ",positif
Bongkar tikus-tikus jahat di Bareskrim Polri.,positif
"RT Ceeek berita ini, fakta kriminalisasi Hanifah Husein",negatif
"Gila gak sih guys, sekuat apa coba dalang dibalik ini sampai-sampai oknum penyidik aja tunduk! Usut tuntas kasus kriminalisasi hanifah husein!",positif
RT Dugaan pihak ketiga sebagai dalang kriminalisasi Hanifah Hussein,positif
"kasian banget bu hanifah husein, istri mantan menteri atr bpn ferry mursyidan baldan, suami baru meninggal, lahan tambang diambil oleh org lain secara serampangan, trus jadi korban kriminalisasi",netral
"RT Ceeek berita ini, fakta kriminalisasi Hanifah Husein",negatif
RT Dugaan pihak ketiga sebagai dalang kriminalisasi Hanifah Hussein,positif
Coba deh cek berita mengenai fakta kriminalisasi Hanifah Husein di link berikut,negatif
"RT tegakkan hukum seadil-adilnya, jangan ada permainan hukum. stop kriminalisasi Hanifah Husein",positif
Berharap segera terusut tuntas dalang kriminalisasi Hanifah Husein,positif
"RT Ceeek berita ini, fakta kriminalisasi Hanifah Husein ",negatif
RT Dugaan pihak ketiga sebagai dalang kriminalisasi Hanifah Hussein,positif
RT Sumpah sedih banget baru tau kalo hu Hanifah  Husein d Kriminalisasi,positif
"RT tegakkan hukum seadil-adilnya, jangan ada permainan hukum. stop kriminalisasi Hanifah Husein!",positif
RT Netizen wajib tahu ternyata ada dugaan pihak ketiga dibalik kriminalisasi Hanifah Husein,positif
Coba deh cek berita mengenai fakta kriminalisasi Hanifah Husein di link berikut,negatif
RT Semoga ibunya diberi kekuatan untuk menjalani semuanya,netral
Sosok Iwan Bomba adalah pihak yang patut diduga sebagai dalang kriminalisasi Hanifah Husein.,netral
Parah sih pihak ketiga hrs dihukum seadilnya kan pada ngerti hukum tuh,positif
RT Musti diusut tuntas pokoknya dalang dibalik kriminalisasi Hanifah Husein,positif
RT Dugaan pihak ketiga sebagai dalang kriminalisasi Hanifah Hussein,positif
RT jahat bgt ga sihh kasus kriminalisasi ini,netral
Kapan ya hukum di Indonesia adil Kalo kaya gini cacat hukum namanya,netral
Sosok Iwan Bomba adalah pihak yang patut diduga sebagai dalang kriminalisasi Hanifah Husein.,positif
"RT Ceeek berita ini, fakta kriminalisasi Hanifah Husein",negatif
Semoga bisa diusut tuntas dan orang-orang yang jahat segera mendapat ganjarannya ya buk,positif
Sosok Iwan Bomba adalah pihak yang patut diduga sebagai dalang kriminalisasi Hanifah Husein.,positif
Sosok Iwan Bomba adalah pihak yang patut diduga sebagai dalang kriminalisasi Hanifah Husein.,positif
RT Sumpah sedih banget baru tau kalo hu Hanifah  Husein di Kriminalisasi,netral
"RT Ceeek berita ini, fakta kriminalisasi Hanifah Husein",negatif
Sosok Iwan Bomba adalah pihak yang patut diduga sebagai dalang kriminalisasi Hanifah Husein.,positif
"RT tegakkan hukum seadil-adilnya, jangan ada permainan hukum. stop kriminalisasi Hanifah Husein",positif
Viral dulu baru diusut tuntas,negatif
Sosok Iwan Bomba adalah pihak yang patut diduga sebagai dalang kriminalisasi Hanifah Husein.,positif
Sosok Iwan Bomba adalah pihak yang patut diduga sebagai dalang kriminalisasi Hanifah Husein.,positif
Cacat hukum,negatif
Bongkar kasus kriminalisasi Hanifah Husein. Cek berita ini ,negatif
Sosok Iwan Bomba adalah pihak yang patut diduga sebagai dalang kriminalisasi Hanifah Husein.,positif
"Mana nih alumni HMI dan Kohati, masa diem aja seniornya dikriminalisasi sama Polri",negatif
"RT Ceeek berita ini, fakta kriminalisasi Hanifah Husein",negatif
"RT tegakkan hukum seadil-adilnya, jangan ada permainan hukum. stop kriminalisasi Hanifah Husein",positif
Tengok beritanya disini deh biar tau mana yang bener,negatif
Usut tuntas siapa dalangnya,positif
Kok bisa ya masih ada kriminalisasi di Badan Indonesia ini,negatif
"Yg salah siapa, yg dihukum siapa! Stop kriminalisasi Hanifah Husein.",positif
"RT Tindak tegas siapapun itu dalam tindakan diskriminasi, sekalipun itu di institusi polri",positif
Seliweran kasusnya dari kemarin semoga bisa diusut tuntas,positif
RT jahat bgt ga sihh kasus kriminalisasi ini ,negatif
Harus yang adil dong,positif
Tindakan polri ini cacat hukum dan juga sampai ada keterlibatan pihak ketiga dalam kasus ini,positif
RT Musti diusut tuntas pokoknya dalang dibalik kriminalisasi Hanifah Husein,positif
Polisi cuma mau urus kasus yang viral ajaaa hahaa. Kasian hanifah husein jadi korban kriminalisasi,positif
"RT Tindak tegas siapapun itu dalam tindakan diskriminasi, sekalipun itu di institusi polri",positif
"Cari kesalahan terus, padahal udah dikasih bukti. Ini namanya kriminaliasi, ini nyata bro Viralkan",positif
"Yuk baca cerita ini,dan usut tuntas tikus-tikus jahat",negatif
"RT kurang ajar masih aja suka cari kesalahan, bukti nyata kriminalisasi Hanifah Husein ",positif
"Trending Indonesia - 13 Desember 2022 10:30 WIB
1. SafeFlightOurAstronaut
2. UntilWeMeetAgainJin
3. kriminalisasihanifahhusein
4. WeLoveYouJin
5. HUANG RENJUN THANK YOU
6. Keramas
7. Loyal
8. Independent
9. Passionate",netral
"Tren Topik Indonesia - 13 Desember 2022 10:30 WIB
1. SafeFlightOurAstronaut
2. UntilWeMeetAgainJin
3. kriminalisasihanifahhusein
4. WeLoveYouJin",netral
RT astagfirullah ini kasus apaan lagi kok kayaknya banyak bgt kasus kriminalisasi org ga bersalah kayak gini,positif
Jangan-jangan ada Sambo kedua ya ini di Bareskrim Polri Stop Kriminalisasi Hanifah Husein. ,positif
Tindakan polri ini cacat hukum dan juga sampai ada keterlibatan pihak ketiga dalam kasus kriminalisasi hanifah husein,positif
"RT kurang ajar masih aja suka cari kesalahan, bukti nyata kriminalisasi Hanifah Husein ",positif
"RT Mengapa harus ada kriminalisasi, semoga segera bisa diselesaikan",positif
RT Gaskeun yukk Usut tuntas dalang kriminalisasi Hanifah Husein,positif
"Sumpah jahat banget deh, baru tahu ternyata bu Hanifah Husein beneran di kriminalisasi. ",positif
RT Semoga ibunya diberi kekuatan untuk menjalani semuanya,positif
RT Yukkk kitaa Bongkar tikus tikus jahat pelaku kriminalisasi Hanifah Husein,positif
"RT Ceeek berita ini, fakta kriminalisasi Hanifah Husein",negatif
Ini harus di usut sih dar dalang kriminalisasi Hanifah Husein,positif
RT Netizen wajib tahu ternyata ada dugaan pihak ketiga dibalik kriminalisasi Hanifah Husein,positif
"tegesi dong yang begini, tikus berkeliaran nih",negatif
RT Dugaan pihak ketiga sebagai dalang kriminalisasi Hanifah Hussein,negatif
"RT Sumpah sedih banget baru tau kalo hu Hanifah  Husein d Kriminalisasi
",positif
"RT tegakkan hukum seadil-adilnya, jangan ada permainan hukum. stop kriminalisasi Hanifah Husein!",positif
"RT Ceeek berita ini, fakta kriminalisasi Hanifah Husein",negatif
RT Sumpah sedih banget baru tau kalo Bu Hanifah  Husein di Kriminalisasi,positif
"RT tegakkan hukum seadil-adilnya, jangan ada permainan hukum. stop kriminalisasi Hanifah Husein",positif
baca kronologi nya di sini,negatif
RT Dugaan pihak ketiga sebagai dalang kriminalisasi Hanifah Hussein,negatif
ternyata ada oknum penyidik dan pihak ketiga yang berusaha untuk kriminalisasi,positif
Ada penyidik yang suka cari kesalahan nih bahkan sampai kriminalisasi Hanifah Husein loh guys,positif
"Kasian banget , jahat loh ini yang udah lakukan ini sama Bu Hanifah Husein",positif
hah sekarang masi ada diskriminasi? ayoo stopp diskriminasi istri Ferry mursyiddan Baldan,positif
"Keadilah di negeri konoha itu kacau, viral dulu baru adil",negatif
RT Dugaan pihak ketiga sebagai dalang kriminalisasi Hanifah Hussein,positif
"RT Ceeek berita ini, fakta kriminalisasi Hanifah Husein",negatif
mohon segera selesai ini,positif
Usut tuntas dalang kriminalisasi Hanifah Husein,positif
gaskeun lah bongkar para tikus jahat pelaku kriminalisasi Hanifah Husein,positif
jangan kriminalisasi Hanifah Husein,negatif
"RT Sumpah sedih banget baru tau kalo hu Hanifah  Husein d Kriminalisasi
",positif
"Ternyata masih ada kriminalisasi yang dilakukan ke Ibu Hanifah Husein, yg kyk gini harus diusut tuntas sih",positif
"RT Tindak tegas siapapun itu dalam tindakan diskriminasi, sekalipun itu di institusi polri",positif
RT Dugaan pihak ketiga sebagai dalang kriminalisasi Hanifah Hussein,positif
"Warga twitter coba baca kasus ini dan viralkan. Ini udh trmasuk cacat hukum, oknum lg yg berulah. Tp, pihak ketiga gak boleh dilupain, hukum.",positif
ayo dah bongkar kasus kriminalisasi Hanifah Husein ini,positif
Duhh ada apa ini kok rame pada bahas bongkar kasus Kriminalisasi,netral
adanya korporasi pihak ketiga yg di duga dalamg kriminalisasi hanifah husein. Kenapa masih ada kriminalisasi nig.. Aduh jahat bgt,positif
baru tahu dan kaget banget dong ternyata bu Hanifah Husein beneran di kriminalisasi. Harus terus di usut nih,positif
"RT Ceeek berita ini, fakta kriminalisasi Hanifah Husein",negatif
RT Sumpah sedih banget baru tau kalo hu Hanifah  Husein d Kriminalisasi,positif
"Walah ternyata ada dalangnya tah dibalik semua ini, ya harus ditangkap dengan segera sih",positif
"penyidik kok malah nyari kesalahan, jangan kriminalisasi Hanifah Husein",positif
"Aku mau tanya,Mana nih alumni HMI dan Kohati, masa diem aja seniornya dikriminalisasi sama Polri",positif
"RT Mengapa harus ada kriminalisasi, semoga segera bisa diselesaikan",positif
RT Gaskeun yukk Usut tuntas dalang kriminalisasi Hanifah Husein,positif
RT Yukkk kitaa Bongkar tikus tikus jahat pelaku kriminalisasi Hanifah Husein,positif
"RT kurang ajar masih aja suka cari kesalahan, bukti nyata kriminalisasi Hanifah Husein ",positif
Tegakkan hukum seadil adilnya yaa,positif
RT Dugaan pihak ketiga sebagai dalang kriminalisasi Hanifah Hussein,negatif
"RT Gabisaa dibiarin ini sih udah kurang ajar bgt!!!!Mana nih alumni HMI dan Kohati, masa diem aja seniornya!Bongkar tikus tikus jahat!Duh Pak Jokowi, tolong segera diberantas segera masih ada Kriminalisasi nih di Bareskrim Polri ",negatif
RT astagfirullah ini kasus apaan lagi. kok kayaknya banyak bgt kasus kriminalisasi org ga bersalah kayak gini,negatif
"RT Ya Allah ini jelas2 ada kriminalisasi thd Hanifah Husein, tolong lah bekerja dgn seadil adilnya. Usut tuntas",positif
RT Sumpah sedih banget baru tau kalo hu Hanifah  Husein d Kriminalisasi,positif
Harus di tegakan seadil-adilnya! Kalo kaya gini namanya cacat hukum,positif
"Kok jadi ada pihak ketiga gini ya
Memang ini mau memojokkan dan kriminalisasi kah ",positif
Harus di usut tuntas dalang kriminalisasi Hanifah Husain ,positif
"RT tegakkan hukum seadil-adilnya, jangan ada permainan hukum. stop kriminalisasi Hanifah Husein",positif
tega banget ada yang memperlakukan Bu Hanifah Husein seperti ini,positif
"RT Tindak tegas siapapun itu dalam tindakan diskriminasi, sekalipun itu di institusi polri",positif
RT please stop kriminalisasihanifahhusein jahat banget loh ,positif
"Trending Indonesia - 13/12/2022 10:20 WIB
1. SafeFlightOurAstronaut
2. UntilWeMeetAgainJin
3. kriminalisasihanifahhusein
5. WeLoveYouJin
6. HUANG RENJUN THANK YOU
7. Keramas
8. Loyal
9. Independent
10. Selasa",netral
"Cacat Hukum! Nih salah satu contoh oknum, oknum yg kalo dikumpulin bisa satu kecamatan!",negatif
Bongkar tikus tikus jahat pelaku kriminalisasi Hanifah Husein,positif
"Hanifah Husein
masih ada penyidik yang suka cari kesalahan dan bukti nyata kriminalisasi Hanifah Husein",positif
usut tuntas dong kriminalisasi Hanifah Husein masih ada 'sambo' kedua nih,positif
"Tips mengubah warna font di GB WhatsApp agar terlihat menarik, selengkapnya di sini",positif
"RT Tindak tegas siapapun itu dalam tindakan diskriminasi, sekalipun itu di institusi polri",positif
"Ceeek berita ini, fakta kriminalisasi Hanifah Husein",negatif
"Jahat bener ni ada yang tiba tiba hadir mau ambil haknya orang lain, usut sampai akar nya yg sudah",positif
"Semog kasusnya cepa tuntas, dab dapet keadilan",positif
"Pleasee lahh Pak Jokowi, Pak Listyo Sigit, ternyata masih ada Sambo kedua di Bareskrim Polri",positif
Ini emng harus di usut tuntas sih! Bongkar kasus kriminalisasi Hanifah Husein,positif
Gaskeun yukk Usut tuntas dalang kriminalisasi Hanifah Husein,positif
Yukkk kitaa Bongkar tikus tikus jahat pelaku kriminalisasi Hanifah Husein,positif
"Sedih bgt kalo baca kasus ini, oknum penyidik bisa2nya kriminalisasi. Udah ada bukti tapi gak diterima!",positif
"Miriss banget sama kasus inii, investor malah dikriminalisasi",positif
harusnya tidak terjadi nih di tubuh Bareskrim Polri yang tengah menggencarkan Polri Presisi.,positif
"Wah ada kasus kayak gini yah,  harus diusut tuntas dalangnya",positif
"Ya ampun beneran ternyata, yuk stop kriminalisasi Hanifah Husein",positif
kronologi nya kriminalisasihanifahhusein gimana nih,positif
"RT  kurang ajar masih aja suka cari kesalahan, bukti nyata kriminalisasi Hanifah Husein ",negatif
"RT  tegakkan hukum seadil-adilnya, jangan ada permainan hukum. stop kriminalisasi Hanifah Husein",positif
Wahh masih ada yaa yang kriminalisasi di Bareskrim Polri yokklah usut sampai tuntas,positif
"Cek berita nihh soal, semoga Allah selalu menguatkan hati nyaa",negatif
"RT Tindak tegas siapapun itu dalam tindakan diskriminasi, sekalipun itu di institusi polri",positif
Mana nih anak anak hukum Harus liat baca kasus ini ,positif
Hmmm masih nyimak untuk tindakan mengatasi kriminalisasi Istri mendiang Ferry Mursyiddan Baldan ini agar tidak terus berlanjut,netral
Ini harus diselesaikan sih masalahnya,positif
Berani berani nya bongkar kasus kriminalisasi hanifah husein,positif
rame lagi nih berita,positif
"RT kurang ajar masih aja suka cari kesalahan, bukti nyata kriminalisasi Hanifah Husein ",negatif
RT Musti diusut tuntas pokoknya dalang dibalik kriminalisasi Hanifah Husein,positif
wah masih ada ajaa tentang kriminalisasi nih,positif
"RT tegakkan hukum seadil-adilnya, jangan ada permainan hukum. stop kriminalisasi Hanifah Husein",positif
waduh ternyata masih rame ya berita soal kriminalisasi ,positif
"RT Tindak tegas siapapun itu dalam tindakan diskriminasi, sekalipun itu di institusi polri ",positif
"RT kurang ajar masih aja suka cari kesalahan, bukti nyata kriminalisasi Hanifah Husein ",positif
"RT  tegakkan hukum seadil-adilnya, jangan ada permainan hukum. stop kriminalisasi Hanifah Husein",positif
"RT tegakkan hukum seadil-adilnya, jangan ada permainan hukum. stop kriminalisasi Hanifah Husein",positif
"Usut tuntas kriminalisasi Hanifah Husein, junjung tinggi keadilan dan kemanusiaan",positif
"RT Tindak tegas siapapun itu dalam tindakan diskriminasi, sekalipun itu di institusi polri",positif
"RT kurang ajar masih aja suka cari kesalahan, bukti nyata kriminalisasi Hanifah Husein ",positif
Selesaikan kasus kriminalisasi Hanifah Husein,positif
"jangan sampe kelewat nih yang satu ini, usut tuntas kasus",positif
"RT tegakkan hukum seadil-adilnya, jangan ada permainan hukum. stop kriminalisasi Hanifah Husein",positif
Wah ini oknum nya harus di cari deh pokoknya ,positif
"Mengapa harus ada kriminalisasi, semoga segera bisa diselesaikan",positif
Dugaan pihak ketiga sebagai dalang kriminalisasi,positif
Yuk stop kriminalisasi Istri mendiang Ferry Mursyiddan Baldan,positif
"RT tegakkan hukum seadil-adilnya, jangan ada permainan hukum. stop kriminalisasi Hanifah Husein!",positif
"harus, di usut tuntas orang-orang yang ada di balik kasus kriminalisasi Hanifa Husein",positif
Usut tuntas dalang dibalik kriminalisasi Hanifah Husein,positif
"RT Tindak tegas siapapun itu dalam tindakan diskriminasi, sekalipun itu di institusi polri",positif
Bongkar tuntas,positif
"Aduhh tolong dongg, mbok ya ini segera diusut
",positif
"RT Tindak tegas siapapun itu dalam tindakan diskriminasi, sekalipun itu di institusi polri ",negatif
"RT kurang ajar masih aja suka cari kesalahan, bukti nyata kriminalisasi Hanifah Husein ",negatif
Semoga bu Hanifah Husein diberikan ketabahan atas musibah ini. Duh beneran jahat banget ini,negatif
"RT Tindak tegas siapapun itu dalam tindakan diskriminasi, sekalipun itu di institusi polri",positif
Usut tuntas siapa tikus2 jahat yang kriminalisasi Hanifah husein,positif
Yukkk ahh kitaaa Bongkar kasus kriminalisasi Hanifah Husein,positif
"Usut tuntas kriminalisasi Hanifah Husein, junjung tinggi keadilan dan kemanusiaan!",positif
"Trending Indonesia 
1. SafeFlightOurAstronaut
2. UntilWeMeetAgainJin
3. kriminalisasihanifahhusein
5. WeLoveJin
6. The 10
7. Sanggup
8. HUANG RENJUN THANK YOU
9. Nahyan
10. Loyal",netral
"RT  kurang ajar masih aja suka cari kesalahan, bukti nyata kriminalisasi Hanifah Husein ",negatif
Bersama kita Bongkar tikus tikus jahat pelaku kriminalisasi Hanifah Husein ,positif
Harus diusut tuntas nih pelaku kriminalisasi ibu Hanifah Husein sampai ke akarnya,positif
"Sabar ya bu Hanifah Hussein, semoga saja segera ada titik terang atas kasus ini",positif
Tindakan polri cacat hukum sampai keterlibatan pihak ketiga kriminalisasi,negatif
Harus dibongkar ini mah. Wajib diusut tuntas. ,positif
RT Semoga ibunya diberi kekuatan untuk menjalani semuanya,positif
RT jahat bgt ga sihh kasus kriminalisasi ini ,positif
"RT kurang ajar masih aja suka cari kesalahan, bukti nyata kriminalisasi Hanifah Husein ",positif
Bongkar tikus tikus jahat pelaku kriminalisasi Hanifah Husein,positif
RT please stop kriminalisasihanifahhusein jahat banget loh ,positif
RT Netizen wajib tahu ternyata ada dugaan pihak ketiga dibalik kriminalisasi Hanifah Husein,positif
RT Netizen wajib tahu ternyata ada dugaan pihak ketiga dibalik kriminalisasi Hanifah Husein,positif
Bukti dugaan keterlibatan pihak ketiga yang ingin menguasai PT BLbyang notabene nya telah di selamatkan PT rubs dr kebangkrutan.,positif
ayo liat berita terbaru mengenai kriminalisasi hanifah husein jangan sampe kelewatan nih,positif
Gila banget Pokoknya harus diusut tuntas,positif
"RT tegakkan hukum seadil-adilnya, jangan ada permainan hukum. stop kriminalisasi Hanifah Husein",positif
Gila banget Pokoknya harus diusut tuntas,positif
"RT kurang ajar masih aja suka cari kesalahan, bukti nyata kriminalisasi Hanifah Husein 
",positif
"RT tegakkan hukum seadil-adilnya, jangan ada permainan hukum. stop kriminalisasi Hanifah Husein!",positif
"Coba dibaca dulu berita dibawah ini guys, klo udh tau kabarin aku ya wkwkkw",netral
Miris banget sih liatnya jaman sekarang ko masih ada ya kriminalisasi yu usut kasus nya sampai selesai. ,positif
Semoga keadilan segera ditegakkan. Aku kaget juga denger berita ini.,positif
"Kasian, sumpah tega dan jahat banget sih. Pak Jokowi, masih ada nih Kriminalisasi di Bareskrim Polri ",positif
Jahat banget Bu Hanifah di kriminalisasi,positif
Sumpah sedih banget baru tau kalo hu Hanifah  Husein d Kriminalisasi,positif
usut semua tikus-tikus jahat pelaku kriminalisasi Hanifa Husein,positif
"RT Tindak tegas siapapun itu dalam tindakan diskriminasi, sekalipun itu di institusi polri",positif
"RT Tindak tegas siapapun itu dalam tindakan diskriminasi, sekalipun itu di institusi polri",positif
Kasus hanifah husein sebaiknya dihentikan. Kalau gamau jadi preseden buruk bagi polri,positif
"RT Tindak tegas siapapun itu dalam tindakan diskriminasi, sekalipun itu di institusi polri",positif
"keadilan mana nih, cpeet usut tuntas kasus",positif
"RT  kurang ajar masih aja suka cari kesalahan, bukti nyata kriminalisasi Hanifah Husein ",positif
Dugaan pihak ketiga sebagai dalang kriminalisasi Hanifah Hussein,positif
Yuk bisa yukkk bongkar kasusnya kriminalisasi Hanifah husein,positif
Stop kriminalisasi terhadap Ibu Hanifah Husain. Semoga dalangnya segera terungkap,positif
Yang sabar yaa bu Hanifah Husein semoga ada karma buat yang jahat kriminalisasi ibu,positif
Korporasi Pihak ketiga di duga dalang Kriminalisasi Hanifah Husein ,positif
"RT kurang ajar masih aja suka cari kesalahan, bukti nyata kriminalisasi Hanifah Husein ",positif
Gimana yaa duh masih ada kriminalisasi di Bareskrim Polri nihh ,positif
"RT kurang ajar masih aja suka cari kesalahan, bukti nyata kriminalisasi Hanifah Husein ",positif
kenapa masih ada di indonesia ya Miris sekali ,positif
"Ih yaampun gak nyangka bgt, kasian Bu Hanifah Husein ",positif
"Ada penyidik suka cari kesalahan, bahkan sampai kriminalisasi Hanifah Husein. Cek beritanya disini ",positif
Tindakan polri cacat hukum sampajmeterlibatan pihak ketiga,negatif
Hanifah Husein merasa difitnah karena ada dugaan pihak ketiga ikut campur,negatif
Semoga ibunya diberi kekuatan untuk menjalani semuanya,positif
harus diusut tuntas sih biar bisa segera kelar dan kebenaran terungkap,positif
Diduga ada korporasi pihak ketiga bersama PT BL dan oknum penyidim dalam,negatif
Ini harus cepat di usut dengan benar dan jangan sampai berlarut larut masalahnya dan pelakunya harus di beri hukuman yang setimpal,positif
"Trending Indonesia 
1. SafeFlightOurAstronaut
2. UntilWeMeetAgainJin
3. kriminalisasihanifahhusein
5. WeLoveJin
6. The 10
7. Sanggup
8. HUANG RENJUN THANK YOU
9. Nahyan
10. Loyal",netral
"Tren Topik Indonesia 
1. SafeFlightOurAstronaut
2. UntilWeMeetAgainJin
3. kriminalisasihanifahhusein
5. WeLoveJin",netral
Cek ricek yuk berita tentang fakta kriminalisasi Hanifah Husein ,netral
Hmm ada keterlibatan pihak ketiga ya kriminalisasihanifahhusein ini dugaannya berusaha membatalkan semua perjanjian yg udah disepakati,netral
"hemmm kurang ajar masih aja suka cari kesalahan, bukti nyata kriminalisasi Hanifah Husein ",negatif
Yg sabar ya Bu Hanifah Hussein biar Allah yg bls semua tindakan kriminalisasi yg ibu alami,netral
"Usut tuntas sampe akar-akarnya kasus
",positif
Adanya dugaan pihak ketiga yang bermain sebagai dalang,negatif
"sumpah ya masih ada orang jahat kaya gini, stop lah",positif
Stop berita tentang Istri mendiang Ferry Mursyiddan Baldan,netral
Harusnya tindakan polri dalam keterkaitan kriminalisasi hanifah husein ini bisa lebih tegas bukan sebaliknya sih.,positif
Bukti nyata dalam kriminalisasi hanifah yaitu masih adanya penyidik yang suka mencari kesalahan,netral
"Tegakkan keadilan bagi Hanifah Husein, jangan sampai ada kriminalisasi",positif
Diduga dalang dalam kriminalisasi hanifah yaitu korporasi pihak ketiga,negatif
Dugaan kriminalisasi hanifah husein yaitu masih ada penyidik yang suka mencari kesalahan,negatif
Masih ada penyidik yang suka mencari kesalahan ,negatif
Dalang kriminalisasi hanifah husein diduga korporasi pihak ketiga,negatif
Tindakan polri cacat hukum sampai terlibatnya pihak ketiga kriminalisasi hanifah husein,negatif
Perkara kriminalisasi hanifah hussein terduga adanya pihak ketiga,negatif
Ayo tegaskan tentang kriminalisasi hanifah hussein,positif
Wah ini sih kudu di bongkar deh biar publik pada fau kejahatan nya.,netral
Oknum nya harus diberi peringatan juga nih,netral
Harusnya tindakan polri dalam keterkaitan kriminalisasi hanifah husein ini bisa lebih tegas bukan sebaliknya sih. ,negatif
Gak main main loh kejahatan nya. Harus banget di usut tuntas biar jera. ,netral
"Bisa bisanya nih ada orang sejahat ini. 
Ga nyangka banget. Pokoknya stop deh",netral
AGENDA HARDCOVER ELEGAN - Customized Order By Me And My Big Ideas,netral
"Yang sabar ya bu hanifah, semoga yang jahat sama ibu segera dapat hidayah, stop kriminalisasi",positif
Gak tega banget liat Hanifah Husein di kriminalisasi gini. Emang kudu di usut banget yang kea gini,positif
Keadilan mana lg yg harus di percaya Harus di usut kembali mengapa ada,netral
"Cek berita ini, fakta kriminalisasi Hanifah Husein. Smoga tersangka segera ditangkap dijatuhi hukuman yg setimpal dipecat dari Polri.",positif
Harus usut tuntas nih dalang dari kriminalisasihanifahhusein,netral
Siapa dibalik dalang kasus tersebut.,netral
Tindakan Polri cacat hukum sampai keterlibatan pihak ketiga kriminalisasi Hanifah Hussein,positif
Gak tega liatnya. Semoga hatinya ibu Hanifah Husein sekuat baja. Dan harus banget nih di berantas tindak kejahatan ini,positif
"Masih ada penyidik yang suka cari kesalahan, bukti nyata kriminalisasi Hanifah Husein!",positif
"Cek deh gais, Sumpah jahat banget, kayanya emang masih ada ada ""Sambo"" kedua di Bareskrim polri, buktinya Bu Hanifah Husein di kriminalisasi",positif
usut tuntas kriminalisasi Hanifah Husein,netral
Keterlibatan pihak lain dalam kriminalisasi Bu Hanifah Husein,netral
"Stop kriminalisasi, kasus harus di usut tuntas dalang dari kriminalisasi Hanifah Husein ",positif
"Usut tuntas kasus ini, untuk para penyidik jangan mau di peralat,bertindak lah dengan bijaksana.",positif
Bongkar tikus tikus jahat pelaku kriminalisasi Hanifah Husein,netral
Usut tuntas kasus kriminalisasi hanifah husein,netral
Dih gak keren banget deh kriminalisasi gini,netral
Semoga segera diusut tuntas mengenai,positif
How impudent Dismantle the criminalization case of Hanifah Husein,netral
"waduh, oknum seperti ini harus segera ditindak tegas
",positif
"Yuk harus di stop nih, padahal udah almarhum",netral
"Mohon bantuannya Pak Jokowi, agar kejadian Sambo di Bareskrim Polri tidak terulang kembali",positif
Semoga ga lagi lagi deh ada kriminalisasi kayak gini,positif
Cek berita ini ,netral
"Hentikan tindakan kriminalisasi semoga ibu hanifah diberikan kekuatan untuk melewati cobaan ini

",positif
"Trending Indonesia 
1. SafeFlightOurAstronaut
2. UntilWeMeetAgainJin
3. kriminalisasihanifahhusein
5. WeLoveJin
6. The 10
7. Sanggup
8. HUANG RENJUN THANK YOU
9. Loyal
10. Nahyan",positif
"Yaampun inisih  jahat banget ya, baru tahu ternyata bu Hanifah Husein beneran di kriminalisasi, semoga ada titik terangnya agar ibu dapat keadilan ",positif
Tindakan polri cacat hukum karna sampai terjadi keterlibatan pihak ketiga kriminalisasi hanifah husein,positif
"Ayo gimana nih pak Jokowi masak masi ada aja ini kasus kriminalisasi di Bareskrim Polri
Harus di tindak tegas pokoknya
",positif
Yang kuat ya Bu Hanifa Husein semoga orang orang jahat diluar sana kena imbasnya sendiri ,positif
"RT ZaraEmiliaaa Lebay loe Anies Bangsat! Cakap kau itu busuk semua isinya gak pantas jadi pemimpin di Negeri ini.

AniesNasdemOut 
kriminalisasihanifahhusein
LisaNotreParisienne
Tim Dokter ISN
Independent
Charismatic
Kaesang
Keramas
Sanggup
The 10
Nahyan
Lovely
Selasa
Sambil
",netral
"gimana nih masih ada kriminaliasi
",netral
"Lebay loe Anies Bangsat Cakap kau itu busuk semua isinya gak pantas jadi pemimpin di Negeri ini.

AniesNasdemOut 
kriminalisasihanifahhusein
LisaNotreParisienne
Tim Dokter ISN
Independent
Charismatic
Kaesang
Keramas
Sanggup
The 10
Nahyan
Lovely
Selasa
Sambil
",netral
"Bongkar para oknum penyidik yang mengkriminalisasi istri mendiang Ferry Mursidan Baldan
Stop kriminalisasi ibu Hanifah Husein",positif
Segera bongkar kasus kriminalitas Hanifah Husein,netral
"Yaampun kesian banget ini, penyidik gimana si masa suka cari masalah",netral
Udah lah yang kayak gini di usut aja sampai ke akar-akarnya ,netral
"ya ampun jahat bgt pelakunya, semoga Allah memberikan balasan yg setimpal buat orang-orang itu
",positif
"periksa kabareskrim
",netral
cek beritanya di sini kriminalisasihanifahhusein ,netral
"perlu di usuttt tuntas 
kriminalisasihanifahhusein bongkar terus tikus2 jahat ",positif
"Dismantle the evil rats that criminalized Hanifah Husein 
 ",netral
"Ini nada korporasi pihak ketiga yg berujung pada  kriminalisasihanifahhusein 
Yok Pak polisi yg kriminalisasi seperti ini harusnya di stop ",negatif
"Diduga adanya pihak ketiga yg terlibat menjadi dalang dalam kasus 
",negatif
"Hmmm ngapain sih ada pihak ketiga segala yang menjadikan ini kriminalisasi 
",negatif
Sebaiknya cek kebenarannya dan usut tuntas dalang kriminalitas Hanifa Husein,positif
"Semoga Allah Melindungi Ibu ini dan diberikan ketabahan, dibalik kesusahan pasti ada pelangi yang indah bu. Semangat ibu saya selalu mendoakan yang terbaikk
",positif
"Ini kemana nih alumni HMI dan Kohati, yuk jangan diem diem aja seniornya dikriminalisasi sama Polri kriminalisasihanifahhusein",negatif
kawal usut tuntas dalang kriminalisasi Hanifah Husein ,netral
"Tindakan polri cacat hukum sampai keterlibatan pihak ketiga kriminalisasi Hanifah Husein
",negatif
"Hadeuhh bisa bisanya masih suka cari kesalahan, jahat banget ya Stop ",negatif
"Parah si ini tega banget , harus diusut sampai tuntas dong kriminalisasihanifahhusein",negatif
Ya ampun hemm ternyata masih ada Kriminalisasi nih di Bareskrim Polri pak pak Jokowi  kriminalisasihanifahhusein,netral
Ada dugaan pihak ketiga yg kemudian muncul ingin merebut tambang BL tsb dengan menggunakan perangkat negara,negatif
Cek berita ini fakta kriminalisasi Hanifah Husein.,netral
Kupas tuntas kriminalisasihanifahhusein baca disini ,netral
Usut tuntas kasus kriminalisasi hanifah husein,positif
"Adapun yang disampaikan oleh Beliau tentang kriminalisasi pendapatnya berikut
",netral
"Ngga ngerti lagi si, kok yaaa mash ada modelan smbo jilid 2 bgni. Minta tolong dong aparatur negara ini d benahi kriminalisasihanifahhusein",negatif
Usut tuntas kriminilisasi kriminalisasihanifahhusein semoga bisa menemukan keadian,positif
Semoga di Usut tuntas dalang kriminalisasi Hanifah Husein ,positif
miris banget nih ada kriminalisasi Istri mendiang Ferry Mursyiddan Baldan,negatif
Ayo dong polri gerak Usut tuntas dalang kriminalisasi Hanifah Husein,netral
Ayo cek berita ini untuk info kriminalisasihanifahhusein ,netral
"ada penyidik yang diduga masih suka mencari cari kesalahan, hal itu sebagai bukti nyata
",negatif
"Duh Pak Jokowi, masih ada Kriminalisasi nih di Bareskrim Polri ",netral
Ini emang harus di usut tuntas kriminalisasi Ibu Hanifah Husein ,positif
"Masih ada penyidik yang diduga masih suka mencari cari kesalahan, hal itu sebagai bukti nyata",negatif
"Wah wah ternyata masih aja ada nih Penyidik yang suka cariÂ² kesalahan,bahkan sampai kriminalisasi Semoga bisa segera dihentikan yaa
",positif
Koorporasi pihak ketiga diduga sebagai dalang kriminalisasihanifahhusein ,netral
Hmmmmm Masih ada aja ni kriminalisasi Ternyata bu Hanifah Husein benaran di ,netral
"Pak Listyo ayo tengok sini masih ada yg harus diusut tuntas lagi pak, tolong bongkar semuanya
",netral
"Harus di usut tuntas kasusnya
",positif
"Abis baca berita serem bgtt ih kok bisa jahat bangett
",netral
Ayo bongkar kasus kriminalisasi hanifah husein,netral
"Waduh-waduh, ada sesuatu nih",netral
Hhmmm ada apalagi ini  Seperti tdk pernah ketinggalan berita ,netral
"Pastinya akan dilakukan Tindak tegas siapapun itu dalam tindakan diskriminasi, sekalipun itu di institusi polri ",positif
Adili kebenaran stop kriminalisasi. Semoga Ibu Hanifah diberikan kekuatan dan kesabaran dalam menghadapi prihal ini.,positif
banyak bukti terkait adanya ,negatif
Musti diusut tuntas pokoknya dalang dibalik kriminalisasi Hanifah Husein ,negatif
"Sumpah jahat banget, baru tahu ternyata bu Hanifah Husein beneran di kriminalisasi",netral
"Coba di recheck lagi, fakta nya seperti apa ",netral
Semoga aja yang jahat dapat dihukum setimpal dan yang benar-benar baik dibebaskan,netral
"Ibu Hanifah Husein yg sabar yh....semoga org jahat itu segera dapet ganjarannya
",positif
Bongkar kasus kriminalisasi Hanifah Husein ,netral
"Trending Indonesia 
1. SafeFlightOurAstronaut
2. UntilWeMeetAgainJin
3. kriminalisasihanifahhusein
5. WeLoveJin
6. The 10
7. Sanggup
8. HUANG RENJUN THANK YOU
9. Nahyan
10. Loyal",netral
"Usut tuntas dalang kriminalisasi Hanifah Husein kriminalisasihanifahhusein
Bongkar tikus tikus jahat ",positif
"Wah kalo ini sih udah keliatan banget ya kriminalisasinya
kriminalisasihanifahhusein ",netral
"Ternyata sekarang tuh ada Penyidik yg suka Cari kesalahan nih, bahkan diduga kriminalisasi Hanifah Husein 
kriminalisasihanifahhus",negatif
Semua harus diselesaikan dengan baik supaya tidak ada pihak ke tiga untuk penyelesainnya,positif
Stop kriminalisasi Istri mendiang Ferry Mursyiddan Baldan ,negatif
ayo usut tuntas dalang kriminalisasi Hanifah Husein,positif
Stop deh buat kriminalisasi istri mendiang Ferry Mursyiddan Baldan.,positif
coba deh kalian cek berita ini,netral
"Hallo Pak Jokowi, Pak Listyo Sigit, ternyata masih ada ""Sambo"" kedua di Bareskrim Polri Ayo di usut paak sampe ke akar""nya!
",positif
Tadi baca di  aku kaget kasus kriminalisasihanifahhusein masih aja dan terus dipersulit jalan keluarnya ,netral
"Tega ya, aku baru denger beritanya tentang bu Hanifah Husein yg di kriminalisasi. 
kriminalisasihanifahhusein
",negatif
Bongkar kasus,netral
Yuuu kita samaa sama harus mengusut tuntas kasus kriminalisasi yang di alami hanifah husein. Cek berita nya disini,positif
Duh mesti ada tindakan nih untuk mengatasi kriminalisasi Istri mendiang Ferry Mursyiddan Baldan ini jangan sampai terus berlanjut kriminalisasihanifahhusein,positif
ya ampun masih aja ada kriminalisasi di Bareskrim Polri ,negatif
harus diusut tuntas sih dalang kriminalisasi ibuk Hanifah Husein agar ga ada lagi kasus kaya begini ,positif
ini apa gamau dibantai aja yaa tikus-tikus yang berbahaya gini ,positif
"Tindakan Polri cacat hukum sampai keterlibatan pihak ketiga
",negatif
Stop tindak kriminalisasi terhadap istri mendiang Ferry MursyidannBl Baldan ,negatif
Semoga masalah ini bisa segera diusut dan segera diselesaikan untuk Ibu Hanifah Husein diberikan kekuatan ,positif
Ada korporasi pihak ketiga yang diduga dalang dalam kriminalisasi hanifah,negatif
"kurang ajar masih aja suka cari kesalahan, bukti nyata kriminalisasi Hanifah Husein 
kriminalisasihanifahhusein
Hanifah Husein
",negatif
"yokk ini gimana nih  ketidakadilan ini gimana yaa 
",netral
"kriminalisasihanifahhusein

",netral
"Aku siih dukung untuk di usut tuntas dalang kriminalisasi Hanifah Husein 
",netral
"kriminalisasihanifahhusein

",netral
"Fakta kasus kriminalisasi Hanifah Husein, Cek disini
kriminalisasihanifahhusein ",netral
"Semoga segera di usut tuntas dalang kriminalisasi kasus Hanifah Husein kriminalisasihanifahhusein
Hanifah Husein",positif
"Tindakan Polri cacat hukum sampai keterlibatan pihak ketiga kriminalisasi hanifah husein
",negatif
"R Ya memang Anies ini biadab sama kaya janji capresnya yang palsu..

TenggelamkanAniesBaswedan 
kriminalisasihanifahhusein
SafeFlightOurAstronaut
BL Series Made Me Cry
Graduation
Morninggg
OPEN PO
Kaesang
Keramas
Giselle
Nahyan
Papua
ARMY
",netral
Yuu pak Pol di usut kasusnya jangan sampe begini kriminalisasihanifahhusein,positif
Ngeri aku baca beritanya di depan  kok tega gitu loh masih dipersulit aja ,netral
"Ya memang Anies ini biadab sama kaya janji capresnya yang palsu..

TenggelamkanAniesBaswedan 
kriminalisasihanifahhusein
SafeFlightOurAstronaut
BL Series Made Me Cry
Graduation
Morninggg
OPEN PO
Kaesang
Keramas
Giselle
Nahyan
Papua
ARMY
",netral
"orang2 jahat apa ga takut azab ya yang kuat ya Bu... semoga diusut tuntas, jgn dibiarin terlupakan begitu saja.
",negatif
duh ini mah harus diusut tuntas dalang kriminalisasi ibuk Hanifah Husein ,negatif
Yaampun ternyata beneran ga.. usut tuntas dalang kriminalisasi Hanifah Husein,negatif
"kriminalisasihanifahhusein
",netral
"Semoga Allah menguatkan hati Ibu Hanifah Husein dan memberikan azab ke orang-orang jahat tukang kriminalisasi, Stop kriminalisasi Istri mendiang Ferry Mursyiddan Baldan ",positif
"mohon segera diusut tuntas dalangnya. stop kriminalisasi, Tuhan tidak tidur. semoga hatimu dikuatkan ya bu hanifah",positif
"Tetap dilakukan penyidikan agar menemukan bukti yang kuat
kriminalisasihanifahhusein",positif
"kurang ajar masih aja suka cari kesalahan, bukti nyata kriminalisasi Hanifah Husein 
kriminalisasihanifahhusein
Hanifah Husein",negatif
kaget ternyataa  stop kriminalisasi kriminalisasihanifahhusein ,netral
Bongkar kasus kriminalisasi Hanifah Husein secepatnya,netral
"Simak yuk dugaan pihak ketiga sebagai dalang kriminalisasi Hanifah Hussein
kriminalisasihanifahhusein",netral
"Harus banget diusut sampai tuntas dong kasus seperti ini
kriminalisasihanifahhusein",positif
Kenapa ya masih ada aja perkara kaya gini Sedih lihatnya,netral
"Baru cek berita

Stop kriminalisasi terhadap Ibu Hanifah Husain. Semoga dalangnya segera terungkap kriminalisasihanifahhusein",positif
Ternyata ada dugaan kriminalisasi pas aku baca berita di ,netral
"Demi apa Bu Hanifah Husein dikriminalisasikan Baru tau banget, ini sih harus diusut ",positif
"semoga ibu hanifah husein diberi kekuatan dan kesabaran yang lebih , semogaa keadilan ada untuk ibuuu ",positif
"duh parang banget deh ternyata masih ada kriminalisasi, harus dibongkar siapa dalangnya
",negatif
kriminalisasihanifahhusein harus diusut tuntas ini. Bongkar Parah bgt. harus berani ungkap,positif
"Baru cek berita Stop kriminalisasi terhadap Ibu Hanifah Husain. Semoga dalangnya segera terungkap
",positif
Ini harus di usut sih dar dalang kriminalisasi Hanifah Husein,positif
Yuk bisa yuk kasus kriminalisasi ini harus diusut sampe tuntas ,netral
Pokoknya Usut tuntas dalang kriminalisasi Hanifah Husein biar jelas semuanya,negatif
"Semoga segera di usut tuntas dalang kriminalisasi kasus Hanifah Husein kriminalisasihanifahhusein
Hanifah Husein ",negatif
"Wahh ini jahat banget sih soal kasus Hanifah Husein,ternyata beneran di kriminalisasi
kriminalisasihanifahhusein ",netral
"Luar biasa bgt nih, tindakan polri patut di acungi jempol",positif
"Ckck masih saja ada oknum penyidik yang suka mencari kesalahan, usut tuntas saja siapa dalang yang kriminalisasi ibu Hanifah Husein.",negatif
"dugaan pihak ketiga sebagai dalang kriminalisasi Hanifah Hussein
kriminalisasihanifahhusein
Hanifah Husein ",negatif
Stop kriminalisasi Cari dong tikus tikus jahat pelaku kriminalisasi  Hanifah Husein kriminalisasihanifahhusein ,negatif
Tindakan Porli cacat hukum sampai keterlibatan pihak ketiga kriminalisasi Hanifah Husein kriminalisasihanifahhusein ,negatif
"haduh jaman sekarang masih ada aja kriminalisasi kaya gini, pls lah stop",netral
"miris banget Hanifah Husein dilakukan secara tidak adil, semoga terus diberi kesabaran dan keadilan 
kriminalisasihanifahhusein",netral
"wah ini mah kriminalisasihanifahhusein ini harus diberantas sih ga bisa dibiarkan begitu saja yak 
Hanifah Husein ",netral
Bongkar para penjahat pelaku kriminalisasi Hanifah Husein ,positif
"waduh baru tau nih ternyata bu Hanifah Husein di kriminalisasi, semoga selalu d kuatkan ",positif
ternyata ada oknum penyidik dan pihak ketiga yang berusaha untuk kriminalisasi ,netral
"Gimana nih pak, pelaku kriminalisasi masih berkeliaran apa tidak diusut sebelumnya
Buat ibu Hanifah Husein yg sabar ya bu, semoga pelaku dihukum seberat-beratnya",positif
"Cek berita ini, fakta kriminalisasi Hanifah Husein",netral
"Udh ga salah lagi harus di usut sampe tuntas kriminalisasi hanifa husein kriminalisasihanifahhusein
",negatif
Wah oknum gak ada habis habisnya ya wkwkwk kriminalisasihanifahhusein,netral
Ya amppun Kurang ajar emang ini Bongkar kasus kriminalisasi Hanifah Husein kriminalisasihanifahhusein,negatif
"kriminalisasi itu harus dihentikan, apalagi dengan dugaan yang tidak benar adanya
kriminalisasihanifahhusein ",positif
Yang sabar dan tabah ya Bu semoga kasusnya cepat teratasi dan pelaku di beri hukuman yang setimpal ,positif
"Seharusnya penegak hukum adil dalam menangani suatu perkara, tidak ada keterpihakan. Yang salah tetap salah, yang benar mendapat pembenaran.",netral
"Masih ada kriminalisasi di polri, fakta kriminalisasi hanifah husein",positif
"Ternyata masih ada yang kriminalisasi nih di Bareskrim Polri, jahat banget, usut sampai tuntas ",negatif
"Ternyata ada dalang dibalik kasus kriminalisasi hanifah hussein. kriminalisasihanifahhusein
Selengkapnya cek berita di bawah ini",negatif
Bisa yuk untuk tuntas usut kasus kriminalisasi,positif
Mengcapek kalo sampai ada dalang dalam kasus ini,negatif
bisa jadi nih dugaan Kriminalisasi ini masih ada di Bareskrim Polri,negatif
Hadeh semoga segera diusut tuntas ,netral
Wah jangan sampai nih masih ada,netral
Semoga kasus kriminalisasi hanifah husein menemukan keadilan apa yang menimpa beliau,positif
Kok bisa Jahat banget ya Lakukan kriminalisasi sama bu Hanifah Husein? tolong pak Sigit di Usut tuntas dong yang melakukan,negatif
Mohon untuk bapak Presiden serta bapak Kapolri untuk lebih mendisiplinkan para oknum di instansi Kepolisian ,positif
"Serius ini bu hanifah husein di kriminalisasi ?
Siapa nih pelakunya jahat banget coba",negatif
Dalam perkara ini ada pihak ketiga yang ikut,netral
"Guys Cek berita ini, fakta kriminalisasi Hanifah Husein",netral
parah sih ini harusnya segera diproses dan dicaritau kebenarannya,negatif
Kasus ini masih dalam tahap penyidikan,netral
Korporasi pihak ketiga diduga menjadi dalang bongkar kasus Hanifah Husein,negatif
Terbukti adanya dugaan keterlibatan pihak ketiga yang ibgin menguasai PT BL,positif
"Buat Pak Presiden Jokowi, tolong ini Pak masih ada Kriminalisasi nih di Bareskrim Polri, tolong ditindak lanjuti",positif
Penyidik harus transparan.,positif
"Pak Jokowi, Pak Listyo Sigit, ternyata masih ada ""Sambo"" kedua di Bareskrim Polri",netral
"Kenapa masih ada dalang yang kriminalisasi Hanifah Husein, gimana nih Bareskrim?",netral
"Usut sampai tuntas kasus ini , jangan ada yang dirugikan apalagi sampai di kriminalisasi hanifah husein",positif
Alumni HMI dan Kohati jgn diem  aja dong senior kalian dikriminalisasi polisi beri perlawanan klo memang benar,netral
"Ada ya penyidik suka cari kesalahan gini, gue setuju bongkar kasus kriminalisasi Hanifah Husein segera aja",negatif
Semoga kasus ini cepat usainya,netral
Wah harus di bongkar nih tikus-tikus jahatnya,positif
Guys ini nih ada dugaan pihak ketiga dalam perkara kriminalisasi Hanifah Husein kalian udah tahu belum,negatif
Waduh jahat bgt ternyata ada kriminalisasi,netral
Parah juga sih masih ada kriminalisasi gini,netral
"Waduhh kriminalisasi hanifah husein ini harus di usut tuntas sih, bongkar kasus ini!",negatif
Yo segera Usut tuntas dalang kriminalisasi Hanifah Husein jangan di biarin,positif
Bongkar kasus kriminalisasi hanifah husein bener-bener jahat yaa dalangnya,positif
Ada dugaan pihak ketiga yang jadi dalang kriminalisasi Hanifah Hussein,negatif
"hm coba deh cek berita ini, ada fakta kriminalisasi Hanifah Husein. semoga dikuatkan hati ibu",netral
Ada dugaaan pihak ketiga nih yang menjadi dalangnya,positif
Yok memang harus diusut dengan tuntas ,positif
Kita perlu mengawal kasus ini hingga selesai,positif
"Usut tuntas kasus ini sampai ke akarnya, hukum para para pelaku kejahatan yg terlibat",positif
Semoga saja masalah seperti ini bisa cepat selesai,positif
kriminalisasi hanifah husein di duga karena dugaan pihak ke tiga sebagai dalangnya,negatif
Waahh tolong banget nih pak Jokowi bantu rakyatnya untuk tidak dilakukan kriminalisasi lagi,positif
Semoga aja yang lagi dihadapi segera terselesaikan dengan baik masalahnya ini,netral
Apalah ini sebenarnya maunya orang yang nge up dan meng kriminalisasihanifahhusein,negatif
"Dugaan pihak ketiga dalam perkara kriminalisasi Hanifah Husein.
",positif
Tindakan polri cacat hukum sampai keterlibatan pihak ketiga ,positif
"Duhh gimana sih ini 
kriminalisasihanifahhusein
Hanifah Husein ",netral
Ada dugaan pihak ketiga yang muncul sebagai dalang kriminalisai Hanifah Husein ,negatif
"Hentikan kriminalisasi di negeri ini karena tidak sesuai dengan Perikemanusiaan dan Perikeadilan.
",positif
"Katanya ada Pihak ketiga nih dalam perkara Kriminalisasi Hanifah Husein nih 
",netral
"Tindakan Polri cacat hukum sampai keterlibatan pihak ketiga kriminalisasi Hanifah Husein
",negatif
"Katanya ada dugaan pihak ketiga yg muncul merebut tambang bl dgn perangkat negara 
 ini ilegal lohh  ",netral
"Ayo usut tuntas kasus kriminalisasi Hanifah Husein, jangan sampai diabaikan kasus seperti ini dan tangkap para pelakunya ",netral
"Duh ga nyangka sih kalo ternyata Bu Hanifah Husein di Kriminalisasi semoga segera diusut tuntas ini kasusnya 
",positif
Kasus kriminalisasihanifahhusein ini harus di usut sampai tuntas jangan di biarkan terus di biarkan,positif
Jangan ada yang kriminalisasi lagi ya please deh tolong banget stop kriminalisasihanifahhusein,positif
"ga nyangka bgt sih sama beritanya, semoga bu Hanifah mendapat ketabahan
kriminalisasihanifahhusein",negatif
"Yuk usut sampe tuntas Kriminalisasi Hanifah ini hhh
kriminalisasihanifahhusein
Hanifah Husein",positif
"Ya ampun kok Ampe segitunya ya, bingung juga aku 
kriminalisasihanifahhusein",netral
Kriminalisasi ini diduga terjadi karena ada orang ketiga,negatif
"Waduh jahat ya, ini sih perlu diusut tuntas",negatif
Bukti dugaan keterlibatan pihak ketiga yang ingin menguasai PT BL dg menggunakan perangkat negara,negatif
"Ko bisa ya masih ada kriminalisasi gak bisa dibiarkan gitu aja dong. 
",positif
"Salah satu pihak yg bersengketa secara perdata didukung pihak ketiga, dgn gampang memperalat aparat kita untuk melumpuhkan lawan nya dgn cara pidana",negatif
"Waduh kok masih ada ya penyidik yang suka cari kesalahan kriminalisasihanifahhusein
Hanifah Husein",negatif
Semoga beliau diberi kesabaran yg tinggi menghadapi orang orang yg telah melakukan kriminalisasihanifahhusein ada pihak ketiga sepertinya yg ingin menguasai ,positif
"Kasus ini semoga segera dibongkar masih ada aja kriminalisasi, heran...",positif
Duh jahat banget Harus di usut tuntas kasus ini tuh,netral
Waduh gmn kok masih banyak oknum gini ,netral
Usut tuntas dalang kriminalisasi Hanifah Husein ,positif
Sedih banget adanya kriminalisasi semoga segera selesai masalahnya ,netral
"kurang ajar masih aja suka cari kesalahan, bukti nyata kriminalisasi Hanifah Husein 
kriminalisasihanifahhusein
Hanifah Husein ",netral
Banyak bet oknum nih sekarang kriminalisasihanifahhusein,negatif
"Dengar berita hari semoga segera diusut tuntas 
kriminalisasihanifahhusein
Hanifah Husein ",positif
Ayo gaes ini disimak yuk,netral
"Wah ada dugaan nih penyidik suka cari kesalahan, bahkan sampai Kriminalisasi Hanifah Husein 
kriminalisasihanifahhusein
Hanifah Husein ",negatif
kriminalisasihanifahhusein aduh kenapa nih masih ada tindakan yg Kriminalisasi hanifah husein. Stop kriminalisasi,positif
cek beritanya guuysss tentang kriminalisasihanifahhusein duh,netral
kriminalisasihanifahhusein harus dihentikan nih dan kasusnya segera di SP3 karena harusnya diselesaikan secara perdata.,positif
"Kok jadi gini sih? 
Jadi buat kesalahan yang sebenarnya gak ada kesalahan dong
",netral
"Tega ya Sumpah jahat banget, baru tahu ternyata bu Hanifah Husein beneran di kriminalisasi.",negatif
kriminalisasihanifahhusein segera ya penyidik yg suka cari kesalahan nih bayak bukti nyata ada kriminalisasi ,negatif
ternyata ada pihak ketiga Kriminalisasi Hanifah Hussein. Tolong diusut tuntas. ,positif
kriminalisasihanifahhusein Tolong ya siapapun yang merasa Alumni HMI dan Kohati. Mau diem aja ini senior kita diginiin? Ini senior kita sedang di dikriminalisasi sama Polri loh ,negatif
duuuh gimana nih kok masih ada aja kriminalisasi Hanifah Husein kriminalisasihanifahhusein,negatif
Ada penyidik yang suka mencari kesalahan bahkan sampai ,negatif
Gimana ini ya...masak sih ini masih ada ,netral
"kok masih ada ya di jaman sekarang penyidik yg suka cari cari kesalahan  , ini mesti di usut juga",negatif
"Ya ampun kok tega ya sampai ada penyidik yang suka mencari kesalahan, ini salah satu bukti nyata kriminalisasi
",negatif
ternyata ada pihak ketiga yang merebut tambang BL secara ilegal loh ,negatif
"Cek berita fakta kriminalisasi Hanifah Husein, emang harus diusut tuntas",positif
Semoga aja sih yang udah kriminalisasihanifahhusein ini bisa cabut kembali tuntutannya,positif
"Masih terjadi juga diskriminalisasi , usut terus siapa dalangnya kriminalisasihanifahhusein ",positif
laporan pidana malah berujung pada serangkaian kriminalisasi Hanifah Husein ,netral
Wah parah sih kok di diskriminalasi gin ya ,netral
"Kejam , aku baru tahu ternyata bu Hanifah Husein beneran di kriminalisasi ya ampun kasihan ",negatif
"kriminalisasihanifahhusein ini harus diberantas sih ga bisa dibiarkan begitu saja yak 
Hanifah Husein ",negatif
Ada dugaan pihak ketiga dalam perkara kriminalisasj Hanifah Husein,negatif
"Kok jahat gitu ya, pokoknya harus segera diselesaikan nih permasalahan ini",positif
"Harus di usut sampai tuntas dalang dari kriminalisasi Hanifah Husein
",positif
"Usut tuntas dalang kriminalisasi Hanifah Husein, karena tindakan ini jelas tidak baik 
",positif
Ayoo segera Usut tuntas dalang kriminalisasi Hanifah Husein,positif
"Omg ternyata sekejam itu yaa duniaaa, plis Bapak Sigit usut tuntas masalah ini pak",positif
Dukung pemerintah untuk proses dan sigap dalam usut tuntas dalang kriminalisasi Hanifah Husein kriminalisasihanifahhusein,positif
"Yaampun ada ya penyidik suka cari kesalahan, bahkan sampai kriminalisasi Hanifah Husein loh 
kriminalisasihanifahhusein",negatif
"Bongkar kriminalisasihanifahhusein dengan segera!
Periksa Kabareskrim untuk ungkap kebenarannya ",negatif
Pihak kuasa hukum menyatakan telah terjadi kriminalisasihanifahhusein karena tidak ada penggelapan saham karena kliennya sudah mengembalikan saham tersebut,positif
fakta kriminalisasi Hanifah Husein kalian harus cek brita ini ,netral
Haduh parah sih ini harus di tindak tegas berikan keadilan untuk korban.,netral
"Ini sih untuk kasus kriminalisasi Hanifah Husein harus di usut tuntas sampai akarnya karena sudah ada dugaan pihak ketiga 
",netral
Yuk segera Usut tuntas dalang kriminalisasi Hanifah Husein kriminalisasihanifahhusein,negatif
Stop kriminalisasi hanifah husein. Usut tuntas dugaan keterlibatan pihak ketiga yang ingin menguasai PT BL yg notabennya telah diselamatkan PT RUBS dari kebangkrutan kriminalisasihanifahhusein ,positif
"Bukti dugaan keterlibatan pihak ketiga yg ingin menguasai PT BL
",netral
kriminalisasihanifahhusein kaget woi. Bru liat brita nya.. Smga pelakunya dihukum setimpal ,netral
Usut tuntas dalang dari kriminalisasihanifahhusein,negatif
"tegakkan hukum seadil-adilnya, jangan ada permainan hukum. stop kriminalisasi Hanifah Husein",positif
"Bukti dugaan keterlibatan pihak ketiga yang ingin menguasai PT BL yang notabene nya telah diselamatkan PT RUBS dari kebangkrutan.
kriminalisasihanifahhusein
",netral
"Cek deh ternyata ada sambo2 lainnya di gedung itu kriminalisasihanifahhusein

",netral
Habis baca baca berita terkini yang lagi hot  masih gak nyangka masih dipersulit aja  kriminalisasihanifahhusein ,netral
"hadehh ternyata ga habis habis 'sambo' kedua ini, ayo usut tuntas kasus kriminalisasi untuk Bu Hanifah ini",negatif
"Ternyata masih ada penyidik yg suka cari kesalahan. Terlalu kejam karna ada bukti kriminalisasihanifahhusein.
Kasus bisa dipermainkan oknum penyidik merusak reputasi penyidik.
",negatif
"Sedih bgt rasanya denger bahwa Bu Hanifah Husein didiskriminasi kayak gini, semoga pelaku dapet balesan yang setimpal aamiin
",netral
"jahat banget, bongkar aja semua pelaku kriminalisasi hanifah husein",netral
"
Yukk baca infonya disini 
Guyss ayoo kawal masalah inii, kasian bangett ini ibunya dapet tindakan kriminal semoga inii masalahnya cepat selesaii yaa ",positif
"Kenapa sih harus dikriminalisasi padahal pihak ketiga aja, ngeri banget negara kita emang
",negatif
STOP kriminalisasihanifahhusein  Baca beritanya di  bikin emosi Jangan sampe ada sambo kedua ya Kasian,netral
Adil! Berlaku adillah. Hukum Indonesia haru adi! Tidak boleh TIDAK ADIL. Buka mata hati. Bagaimana kalau Anda dalam posisi seperti beliau kriminalisasihanifahhusein ,positif
"Dugaan pihak ketiga dalam perkara kriminalisasi Hanifah Husein 
",netral
"kriminalisasihanifahhusein
",netral
"Jahat banget sumpah!Ayo terus bongkar kasus kriminal ini
kriminalisasihanifahhusein",positif
"Tega banget orang - orang yang melakukan kriminalisasi, pokoknya harus di usut pelaku kriminalisasi Hanifah Husein ",positif
"usut tuntas dalang dalam kasus kriminalisasi Hanifah Husein
kriminalisasihanifahhusein
",negatif
"Cek berita ini, fakta kriminalisasi Hanifah Husein ",positif
"Kenapa sih harus dikriminalisasi padahal pihak ketiga aja, ngeri banget negara kita emang
kriminalisasihanifahhusein",negatif
"Jahat banget sumpah Ibu Hanifah Husein di kriminalisasi kayak begini  semoga Allah SWT melindungi beliau dan memberikan balasan kepada orang-orang tukang kriminalisasi.
",positif
"ayo bergerak usut tuntas berantas kriminalisasi, tegakkan keadilan buat hanifah husein.
",positif
"Wahhh ada penyidik ni yg suka cari kesalahann , yuk pak bongkar

",negatif
Haduuh kenapa sekarng banyak kriminalisasi di bereskrim polri,negatif
"ini beneran
perlu diusut tuntas klo emg bener ada kriminalisasi",positif
"Ini beneran Bu Hanifah Husein di kriminalisasikan Harus di usut tuntas lagi nih dalang dibalik kasus ini. 
kriminalisasihanifahhusein
",positif
"Ada dugaaan kriminalisasi terhadap ibu hanifah
kriminalisasihanifahhusein",netral
"Wow pas cek berita disini ternyata kasus ibu ini cukup kompleks loh, harus segera tuntas kriminalisasihanifahhusein",positif
Adanya keterlibatan pihak ketiga ,negatif
"emg kriminalisasi ga pernah ilang di negara ini dah, semoga kena batunya deh itu org jahat, kuat kuat bu hanifah  husein ",positif
"Nah lo dah ketahuan dalang nya, smoga aja kasus nya menemui titik terang. kriminalisasihanifahhusein
",netral
Usut sampe tuntass dalang ,netral
"jahat bgt ga sihh kasus kriminalisasi ini 
kriminalisasihanifahhusein
",negatif
Harus diusut sampai tuntas Kriminilisasi Hanifah Husein,netral
"bongkar tikus jahat pelaku kriminalisasi Hanifah Husein
",negatif
 semoga apa yang menjadie perjuangan dapat diselesaikan ,positif
"Duh aduh, liat berita hari ini. Bikin geleng-geleng kepala. Masa diem aja di diskriminalisasi seniornya",netral
"Harus diusut tuntas ini kriminalisasi Hanifah Husein

",netral
 dipertanyakan ,netral
Jaman sekarang kok masih ada kriminalisasi Patut dipertanyakan ,netral
"harus usut tuntas sampai brantas kasus hanifa husein
kriminalisasihanifahhusein ",negatif
"Semoga Bu Husein dikuatkan dan semoga kasusnya cepet ke bongkar kriminalisasihanifahhusein
",positif
"Waduh ternyata masih ada aja kasus kriminalitas di bareskim hadehh padahal udh mau ganti tahun
kriminalisasihanifahhusein
",negatif
dugaan pihak ketiganya,netral
"Tega banget orang - orang yang melakukan kriminalisasi, pokoknya harus di usut pelaku kriminalisasi Hanifah Husein
",negatif
Ga nyangka ternyata ada yang kriminalisasi sama bu Hanifah  kriminalisasihanifahhusein ,netral
Siapa yang tega ngelakuin kaya gini sama bu hanifah husein,netral
yuk cek berita ini mengenai fakta kriminalisasi hanifah husain ,netral
"Pada dasarnya kesepakatan tersebut hanya mengikat para pihak yang melakukan perjanjian, namun jika kemudian terjadi kriminalisasi hal tersebut patut disayangkan karena akan mencederai rasa keadilan masyarakat.",netral
Adil! Berlaku adillah. Hukum Indonesia haru adi! Tidak boleh TIDAK ADIL. Buka mata hati. Bagaimana kalau Anda dalam posisi seperti beliau,positif
Semoga Allah memberikan ketabahan bagi ibu Hanifah dan mendapatkan Ganjaran yang sangat pedih  untuk orang orang kriminal itu ,positif
"Usut tuntas dugaan kriminalisasi kepada Hanifah Husein. bener bener harus dibongkar ya pak.
kriminalisasihanifahhusein

",negatif
"wehh gila sih jahat banget masih ada aja ya ternyata kriminalisasi apalagi dugaannya ini petinggi polri lohâ¦ harus diusut ampe tuntas
kriminalisasihanifahhusein",netral
"Jangan sampai gak di usut nih hal kaya gini , orang2 jahat harus dihukum

kriminalisasihanifahhusein ",positif
Keadilan mesti ditegakkan agar tidak ada pihak yang dirugikan kriminalisasihanifahhusein,positif
Bongkar tikus tikus jahat pelaku kriminalisasi Hanifah Husein kriminalisasihanifahhusein ,netral
Kriminalisasi ini sangat merugikan orang lain semoga kasus ini diusut sampai tuntas.,positif
"Gimana sihh ini masih ada aja kasus yang merugikan negara, untuk bapak kapolri dan penyidik lainnya tolong bantu diUsut tuntas dalang kriminalisasi Hanifah Husein biar ga ada pihak yang dirugikan lagi nih",negatif
Oknum penyidik mempermainkan kasus perdata murni dan memperalat aparat untuk melumpuhkan lawannya dengan pidana,positif
"Berani beraninya ya melakukan Kriminalisasi terhadap perempuan, stop Kriminalisasi terhadap Hanifah Husein ",positif
Usut tuntas dalang kriminalisasi Hanifah Husein ,negatif
sumpah jahat banget siii kriminalisasihanifahhusein  yg mau cek beritanya,netral
Usut tuntas dalang kriminalisasi Hanifah Husein kriminalisasihanifahhusein,negatif
"Kriminalisasi semakin merajalela, semoga kasus kriminalisasi bu Husein bisa terbongkar sampai tuntas kriminalisasihanifahhusein 
",positif
harusnya ditangani sesuai bukti dan fakta yang ada. Maaf harus mengalami hal ini ya bu Hanifah Husein. kriminalisasihanifahhusein ,positif
kenapa sihh orang2 beginiiiii. makin hari orang makin tega yaa,netral
"Sumpah jahat banget yahh.. ini orang.. yuk buruan cek beritanya
",netral
"Ini beneran Bu Hanifah Husein di kriminalisasikan Harus di usut tuntas lagi nih dalang dibalik kasus ini. 
kriminalisasihanifahhusein",positif
"Pak Jokowi, tolong ibu ini yang sudah dikriminalisasikan oleh oknum tidak bertanggung jawab, semoga ibu Hanifah tetap sabar menghadapi ujian ya Bu. kriminalisasihanifahhusein ",positif
"Ges ges ayok coba cek berita ini, fakta kriminalisasi Hanifah Husein
 kriminalisasihanifahhusein ",netral
"usur tuntas siapa dalang dari kriminalisasi Hanifah Husein
kriminalisasihanifahhusein
",negatif
"Sumpah jahat banget, baru tahu ternyata bu Hanifah Husein beneran di kriminalisasi. Rip Hukum dinegara sendiri, banyak tindakan Kriminal. Usut tuntas kasus Kliminalisasi Hanifah Husein",netral
"Pagi"" baca berita ini kok miris bgt ya,semoga mendapat keadilan ya mbak
",negatif
"Ada berita baru tentang Kriminalisasi Hanifah Husein lohhh. Belum pada baca dan tau, gaskeun ceki langsung geng ",netral
"Duh baru tau nih, kasian banget kriminalisasihanifahhusein",netral
"Bongkar kasus kriminalisasi Hanifah Husein, beri hukuman setimpal untuk pelaku  kriminalisasihanifahhusein ",negatif
"fakta kriminalisasi Hanifah Husein 
kriminalisasihanifahhusein",netral
"ini parah si, jahat bgt usut tuntas kriminalisasihanifahhusein pak
",netral
"Blm ada sebulan setelah berduka atas kepergian suami tercinta skrg dirundung duka lagi , yg kuat &amp; tabah Yunda ",netral
"Bisa sampai sejahat itu ya, baru tahu juga ternyata bu Hanifah Husein beneran di kriminalisasi kriminalisasihanifahhusein ",negatif
pelaku kriminalisasi Hanifah Husein harus diusut sampe tuntas. Ibu Hanifah harus kuat. Yakin Ibu pasti bisa melalui ini semua kriminalisasihanifahhusein ,netral
adanya dugaan Korporasi Pihak Ketiga menjadi dalang kriminalisasihanifahhusein,netral
"Anjiiir ternyata masih ada ""Sambo"" kedua di Bareskrim Polri tolong diusut tuntas woiii jan dibiarin gituu aja 
",negatif
Ayolahhh... Stop kriminalisasi,positif
"masih ada ""Sambo"" kedua di Bareskrim Polri . Usut tuntas dalang kriminalisasi Hanifah Husein kriminalisasihanifahhusein .",negatif
"semoga kasus kriminal yang ini dapat diusut tuntas kriminalisasihanifahhusein
",positif
Usut tuntas dalang kriminalisasi Hanifah Husein kriminalisasihanifahhusein,netral
"Harus cepat di usut sampai tuntas Kriminilisasi Hanifah Husein
kriminalisasihanifahhusein",negatif
Semoga orang yang berbuat jahat pada ibu Hanifah Husein segera diberi balasan yang setimpal ,positif
"Yaampun, ada dugaan Kriminalisasi Hanifah Husein, semoga segera diusut tuntas 
kriminalisasihanifahhusein",negatif
"Sumpaaah ini juga harus diusut tuntas sih, jangan sampai ada korban lainnya kriminalisasihanifahhusein
",negatif
tolong usut tuntas dan berikan bukti nyata kepada kami,netral